<?xml version="1.0" encoding="UTF-8"?>

<!--
  ~ Copyright (c) 2012 The ANTLR Project. All rights reserved.
  ~ Use of this file is governed by the BSD-3-Clause license that
  ~ can be found in the LICENSE.txt file in the project root.
  -->

<project name="ANTLR v4 Maven plugin">

  <publishDate position="left"/>
  <version position="left"/>

  <poweredBy>
    <logo name="ANTLR Web Site" href="http://antlr.org/"
          img="http://www.antlr.org/images/antlr-logo.png"/>
  </poweredBy>

  <body>
    <links>
      <item name="Antlr Web Site" href="http://www.antlr.org/"/>
    </links>

    <menu name="Overview">
      <item name="Introduction" href="index.html"/>
      <item name="Goals" href="plugin-info.html"/>
      <item name="Usage" href="usage.html"/>
      <item name="FAQ" href="faq.html"/>
    </menu>

    <menu name="Examples">
      <item name="Simple configurations" href="examples/simple.html"/>
      <item name="Using library directories" href="examples/libraries.html"/>
      <item name="Using imported grammars" href="examples/import.html"/>
    </menu>

    <menu ref="reports" />
    <menu ref="modules" />

  </body>
</project>
